{"cameraMode":{"drawMode":0,"name":"Shaded","section":"Shading Mode"},"sceneLighting":true,"audioPlay":false,"sceneViewState":{"showFog":true,"showMaterialUpdate":false,"showSkybox":true,"showFlares":true,"showImageEffects":true,"showParticleSystems":true},"in2DMode":false,"pivot":{"x":1.1843976974487305,"y":-0.27688026428222659,"z":9.058075904846192},"rotation":{"x":0.5512779951095581,"y":0.2698152959346771,"z":-0.19437940418720246,"w":0.7651971578598023},"size":11.047277450561524,"orthographic":false}